FirstName,LastName,FullName,Username,Department
Jenilee,Karylin,Jenilee Karylin,Karylin_Jenilee,User Experience Research
Anallese,Ries,Anallese Ries,Ries_Anallese,Sales
Kamilah,Suzetta,Kamilah Suzetta,Suzetta_Kamilah,Development
Anica,Warthman,Anica Warthman,Warthman_Anica,User Experience Research
Ira,Travax,Ira Travax,Travax_Ira,IT Infraestructure
Amii,Seagraves,Amii Seagraves,Seagraves_Amii,Development
Merci,McGrody,Merci McGrody,McGrody_Merci,Vendor Operations
Anica,Bearnard,Anica Bearnard,Bearnard_Anica,Human Resources
Devina,Winthorpe,Devina Winthorpe,Winthorpe_Devina,Vendor Operations
Lorenza,Kristi,Lorenza Kristi,Kristi_Lorenza,Sales
Robbi,Tufts,Robbi Tufts,Tufts_Robbi,Sales
Eve,Halsey,Eve Halsey,Halsey_Eve,Sales
Lusa,Franza,Lusa Franza,Franza_Lusa,Human Resources
Wileen,Bigner,Wileen Bigner,Bigner_Wileen,Vendor Operations
Daryl,Pond,Daryl Pond,Pond_Daryl,Human Resources
Karlee,Stav,Karlee Stav,Stav_Karlee,IT Infraestructure
Cassandra,Gualtiero,Cassandra Gualtiero,Gualtiero_Cassandra,User Experience Research
Sara-Ann,Jarib,Sara-Ann Jarib,Jarib_Sara-Ann,Vendor Operations
Beverley,Minetta,Beverley Minetta,Minetta_Beverley,Development
Cassandra,Presber,Cassandra Presber,Presber_Cassandra,Human Resources
Mariann,Bakerman,Mariann Bakerman,Bakerman_Mariann,Vendor Operations
Modestia,Peg,Modestia Peg,Peg_Modestia,Vendor Operations
Millie,Sandye,Millie Sandye,Sandye_Millie,Sales
Ricky,Cressida,Ricky Cressida,Cressida_Ricky,Human Resources
Merry,Martguerita,Merry Martguerita,Martguerita_Merry,User Experience Research
Jsandye,Rogerio,Jsandye Rogerio,Rogerio_Jsandye,Sales
Annora,Pulsifer,Annora Pulsifer,Pulsifer_Annora,Vendor Operations
Renae,Morehouse,Renae Morehouse,Morehouse_Renae,Human Resources
Marcy,Hourigan,Marcy Hourigan,Hourigan_Marcy,Sales
Agathe,MacIntosh,Agathe MacIntosh,MacIntosh_Agathe,Sales
Lenna,Gower,Lenna Gower,Gower_Lenna,Sales
Agathe,Bow,Agathe Bow,Bow_Agathe,Vendor Operations
Bernie,Schonfeld,Bernie Schonfeld,Schonfeld_Bernie,IT Infraestructure
Kenna,Erb,Kenna Erb,Erb_Kenna,Development
Renae,Neils,Renae Neils,Neils_Renae,User Experience Research
Laurene,Kussell,Laurene Kussell,Kussell_Laurene,Development
Nyssa,Girardo,Nyssa Girardo,Girardo_Nyssa,Human Resources
Verla,Janith,Verla Janith,Janith_Verla,Development
Evaleen,Tufts,Evaleen Tufts,Tufts_Evaleen,Sales
Jenilee,Dimitris,Jenilee Dimitris,Dimitris_Jenilee,Human Resources
Peri,Cynar,Peri Cynar,Cynar_Peri,Development
Layla,Wareing,Layla Wareing,Wareing_Layla,Human Resources
Grier,Nickola,Grier Nickola,Nickola_Grier,IT Infraestructure
Babita,Trey,Babita Trey,Trey_Babita,Development
Winifred,Septima,Winifred Septima,Septima_Winifred,User Experience Research
Audrie,Telfer,Audrie Telfer,Telfer_Audrie,User Experience Research
Wilma,Kellby,Wilma Kellby,Kellby_Wilma,IT Infraestructure
Jessy,Weide,Jessy Weide,Weide_Jessy,IT Infraestructure
Cyndie,Earlie,Cyndie Earlie,Earlie_Cyndie,Sales
Maud,Mandler,Maud Mandler,Mandler_Maud,Sales
Harrietta,Simmonds,Harrietta Simmonds,Simmonds_Harrietta,Sales
Xylina,Killigrew,Xylina Killigrew,Killigrew_Xylina,Sales
Sharai,Sallyann,Sharai Sallyann,Sallyann_Sharai,Human Resources
Glenda,Goth,Glenda Goth,Goth_Glenda,Sales
Eve,Palocz,Eve Palocz,Palocz_Eve,User Experience Research
Genovera,Diann,Genovera Diann,Diann_Genovera,Development
Roberta,Zitvaa,Roberta Zitvaa,Zitvaa_Roberta,Human Resources
Queenie,Duwalt,Queenie Duwalt,Duwalt_Queenie,Human Resources
Claudina,Tristram,Claudina Tristram,Tristram_Claudina,Sales
Minne,Gale,Minne Gale,Gale_Minne,User Experience Research
Dennie,Kylander,Dennie Kylander,Kylander_Dennie,Sales
Consuela,Eliathas,Consuela Eliathas,Eliathas_Consuela,Sales
Maurene,Tayib,Maurene Tayib,Tayib_Maurene,User Experience Research
Marika,Mehalek,Marika Mehalek,Mehalek_Marika,IT Infraestructure
Benita,Screens,Benita Screens,Screens_Benita,Development
Libbie,Herrera,Libbie Herrera,Herrera_Libbie,Vendor Operations
Melodie,Cloris,Melodie Cloris,Cloris_Melodie,Vendor Operations
Meriel,Gregrory,Meriel Gregrory,Gregrory_Meriel,Sales
Clo,Bollay,Clo Bollay,Bollay_Clo,IT Infraestructure
Bernardine,Lay,Bernardine Lay,Lay_Bernardine,Human Resources
Siana,Kenwood,Siana Kenwood,Kenwood_Siana,IT Infraestructure
Gale,Fosque,Gale Fosque,Fosque_Gale,IT Infraestructure
Demetris,Chobot,Demetris Chobot,Chobot_Demetris,IT Infraestructure
Jorry,Bearnard,Jorry Bearnard,Bearnard_Jorry,User Experience Research
Minda,Kermit,Minda Kermit,Kermit_Minda,Vendor Operations
Farrah,Kenney,Farrah Kenney,Kenney_Farrah,Vendor Operations
Paola,Bertold,Paola Bertold,Bertold_Paola,Development
Lolita,Carmena,Lolita Carmena,Carmena_Lolita,Development
Karolina,Libna,Karolina Libna,Libna_Karolina,Development
Philis,Borrell,Philis Borrell,Borrell_Philis,Development
Phylis,Alarise,Phylis Alarise,Alarise_Phylis,User Experience Research
Celisse,Kamaria,Celisse Kamaria,Kamaria_Celisse,Development
Lanae,Phi,Lanae Phi,Phi_Lanae,Vendor Operations
Lonnie,Sandye,Lonnie Sandye,Sandye_Lonnie,IT Infraestructure
Tabbatha,Sisile,Tabbatha Sisile,Sisile_Tabbatha,User Experience Research
Mureil,Crudden,Mureil Crudden,Crudden_Mureil,Development
Josephine,Yate,Josephine Yate,Yate_Josephine,IT Infraestructure
Misha,Seumas,Misha Seumas,Seumas_Misha,IT Infraestructure
Meghann,Ephrem,Meghann Ephrem,Ephrem_Meghann,User Experience Research
Maridel,Olnee,Maridel Olnee,Olnee_Maridel,User Experience Research
Merle,Yorick,Merle Yorick,Yorick_Merle,IT Infraestructure
Violet,Dosia,Violet Dosia,Dosia_Violet,Vendor Operations
Fanny,Mehalek,Fanny Mehalek,Mehalek_Fanny,Human Resources
Joelly,Sandye,Joelly Sandye,Sandye_Joelly,User Experience Research
Debee,Alice,Debee Alice,Alice_Debee,Development
Dennie,Sacken,Dennie Sacken,Sacken_Dennie,Vendor Operations
Aryn,Winthorpe,Aryn Winthorpe,Winthorpe_Aryn,Vendor Operations
Nerta,Euridice,Nerta Euridice,Euridice_Nerta,IT Infraestructure
Calla,Imelida,Calla Imelida,Imelida_Calla,Sales
Lorenza,Flyn,Lorenza Flyn,Flyn_Lorenza,Development